Email,Name,Role,Password
admin@a.com,Admin,admin,password
abbey.berge@example.net,"Tito Ferry",boar-raiser,password
agnes.olson@example.org,"Abigale Pouros",boar-raiser,password
agustina98@example.org,"Ms. Bessie Keebler DDS",boar-raiser,password
aheller@example.net,"Dr. Jazmin Fahey PhD",boar-raiser,password
arvel93@example.com,"Bart Gerhold",boar-raiser,password
aufderhar.wava@example.com,"Jules Mayert IV",boar-raiser,password
benjamin62@example.org,"Cordell Spencer",boar-raiser,password
boar-raiser@a.com,"Boar Raiser",boar-raiser,password
brandy.larson@example.com,"Alexys Kassulke",boar-raiser,password
braun.mercedes@example.org,"Dr. Walton Hamill V",boar-raiser,password
buford.waelchi@example.net,"Domenico Graham",boar-raiser,password
collier.rose@example.org,"Percy Hansen",boar-raiser,password
eileen.bernhard@example.net,"Abby Schmidt",boar-raiser,password
fkoch@example.com,"Melyna Mosciski",boar-raiser,password
ford.effertz@example.net,"Lenna Stehr",boar-raiser,password
gferry@example.com,"Dr. Jarvis Schmeler II",boar-raiser,password
grady.yesenia@example.com,"Prof. Abigayle Eichmann Sr.",boar-raiser,password
grant.ruth@example.org,"Dr. Cordie Swift II",boar-raiser,password
greenfelder.maymie@example.net,"Mrs. Martine Dibbert Sr.",boar-raiser,password
grimes.kenyatta@example.org,"Evelyn Welch",boar-raiser,password
gusikowski.juliet@example.com,"Eloise Parisian DDS",boar-raiser,password
hessel.angelica@example.net,"Tina Crist",boar-raiser,password
hickle.audreanne@example.com,"Hilton Kessler Sr.",boar-raiser,password
ignacio.kshlerin@example.org,"Tyshawn Waelchi",boar-raiser,password
isaias53@example.net,"Kari Kemmer",boar-raiser,password
izaiah71@example.org,"Leonora Ortiz",boar-raiser,password
jennings.kulas@example.org,"Jesse Hand",boar-raiser,password
jordy73@example.net,"Jannie Will",boar-raiser,password
judge71@example.org,"Candido Wuckert",boar-raiser,password
kelli44@example.com,"Hettie Jaskolski",boar-raiser,password
lakin.lynn@example.com,"Emile Fisher",boar-raiser,password
mackenzie.kihn@example.org,"Petra D'Amore",boar-raiser,password
marques21@example.net,"Mrs. Vernice Bergnaum III",boar-raiser,password
myah25@example.org,"Dell Becker",boar-raiser,password
nbeier@example.com,"Athena Orn",boar-raiser,password
ndibbert@example.net,"Kristy Lockman",boar-raiser,password
obie20@example.org,"Gudrun Hintz",boar-raiser,password
paige34@example.org,"Prof. Ceasar Morar",boar-raiser,password
qschinner@example.com,"Ms. Reina Steuber DVM",boar-raiser,password
ritchie.milton@example.com,"Chloe Schmidt",boar-raiser,password
rolfson.kenya@example.com,"Lela Johnston",boar-raiser,password
roslyn68@example.org,"Ashleigh Borer",boar-raiser,password
ruecker.michel@example.net,"Ms. Annalise Erdman",boar-raiser,password
rupert.braun@example.com,"Chaz Gerhold",boar-raiser,password
sauer.carlotta@example.org,"Gladyce Price",boar-raiser,password
thompson.khalil@example.net,"Abdiel Schumm DDS",boar-raiser,password
willie.hansen@example.org,"Miss Olga Johnston",boar-raiser,password
willow79@example.net,"Myriam Thompson",boar-raiser,password
wolff.nasir@example.net,"Jaydon Larkin",boar-raiser,password
wwitting@example.net,"Savannah Daugherty",boar-raiser,password
zoila.feil@example.net,"Mrs. Virginie Durgan IV",boar-raiser,password
acummerata@example.org,"Mrs. Kailee Breitenberg IV",customer,password
amparo.champlin@example.net,"Dillan Kutch",customer,password
bailey.adelia@example.net,"Dr. Ella Rolfson",customer,password
bartoletti.hoyt@example.com,"Nina Bogisich",customer,password
bbosco@example.org,"Billie Brakus",customer,password
bernhard.cole@example.net,"Dr. Buster Prohaska V",customer,password
bernier.jazmyn@example.net,"Beatrice Gleason",customer,password
bvandervort@example.net,"Mr. Damon Kris",customer,password
customer@a.com,Customer,customer,password
customer2@a.com,"Customer 2",customer,password
dena.crooks@example.net,"Dr. Piper Wiza",customer,password
desmond.kuvalis@example.com,"Prof. Josiah Ullrich III",customer,password
dicki.michale@example.net,"Jordi Prohaska",customer,password
dimitri22@example.org,"Adelbert Blick",customer,password
edouglas@example.com,"Santos Breitenberg",customer,password
enid44@example.org,"Jordi Daniel",customer,password
feeney.june@example.org,"Marilie Welch IV",customer,password
fwiza@example.com,"Keegan White II",customer,password
hauck.rosie@example.net,"Cathryn Mosciski V",customer,password
hkeeling@example.com,"Prof. Jarrell Jones V",customer,password
jennifer.rippin@example.org,"Mr. Tyson Stiedemann",customer,password
josiane.reinger@example.net,"Prof. Bernard Blick Jr.",customer,password
karine56@example.org,"Mrs. Alberta Fadel",customer,password
krosenbaum@example.org,"Cassandra Kertzmann",customer,password
madison79@example.com,"Name Bergnaum",customer,password
madonna.pagac@example.net,"Dr. Jaida Hudson IV",customer,password
mante.ollie@example.net,"Prof. Mina Nader Sr.",customer,password
marcos33@example.net,"Brooks Lemke",customer,password
marguerite14@example.org,"Dr. Marion Nitzsche",customer,password
marquardt.jayda@example.net,"Jody Greenfelder",customer,password
maximillian.boyer@example.org,"Casandra Torp",customer,password
myrna81@example.net,"Prof. Lowell Renner",customer,password
nakia27@example.net,"Abelardo Howe",customer,password
otho75@example.org,"Rodger Gottlieb",customer,password
pebert@example.net,"Dr. Efren Littel DDS",customer,password
phaley@example.net,"Mrs. Aiyana Walter DDS",customer,password
rae.heaney@example.org,"Ricky Cole DVM",customer,password
sammy.brekke@example.net,"Arlie Casper",customer,password
samson.beatty@example.org,"Howard Walker",customer,password
schmidt.jerrell@example.org,"Beth Koepp",customer,password
senger.elna@example.com,"Luella Hoeger Jr.",customer,password
shanahan.ruben@example.org,"Kay Bednar",customer,password
susana.anderson@example.com,"Micah O'Hara",customer,password
talia30@example.org,"Jedediah Shields",customer,password
telly.koelpin@example.com,"Keely Donnelly MD",customer,password
tony94@example.net,"Austen Osinski",customer,password
trycia.hoppe@example.com,"Golden Hansen",customer,password
ukub@example.com,"Marley Torp",customer,password
walter.marta@example.net,"Miss Concepcion Hauck",customer,password
white.elenor@example.com,"Carlotta Bogisich",customer,password
zander18@example.net,"Jettie Keeling",customer,password
znienow@example.com,"Mr. Layne Hammes II",customer,password
